{"cameraMode":{"drawMode":0,"name":"Shaded","section":"Shading Mode"},"sceneLighting":true,"audioPlay":false,"sceneViewState":{"showFog":true,"showMaterialUpdate":false,"showSkybox":true,"showFlares":true,"showImageEffects":true,"showParticleSystems":true},"in2DMode":false,"pivot":{"x":7.759197235107422,"y":-2.582914352416992,"z":-11.421379089355469},"rotation":{"x":0.023698406293988229,"y":-0.9723376035690308,"z":0.2026764154434204,"w":0.11369210481643677},"size":17.976335525512697,"orthographic":false}